{
  "behavioral": {
    "comparison": 0.48625,
    "interval": 0.72875,
    "ring": 0.0
  },
  "probe_comparison": {
    "real": {
      "0": 0.5137516074831273,
      "1": 0.8937559253940094,
      "2": 0.9212497535974769,
      "3": 0.9400045056461378,
      "4": 0.949992021251631,
      "5": 0.9462279293739968,
      "6": 0.984990566303399,
      "7": 0.988745271418246,
      "8": 0.9899984042503261,
      "9": 0.9912562304638,
      "10": 0.988745271418246,
      "11": 0.983756206996893,
      "12": 0.9762514901485925
    },
    "control": {
      "0": 0.5137516074831273,
      "1": 0.5387157031154665,
      "2": 0.5424704082303137,
      "3": 0.513732833957553,
      "4": 0.5037359315892728,
      "5": 0.5199609510668056,
      "6": 0.524945322106765,
      "7": 0.5249734823951263,
      "8": 0.5312297597927403,
      "9": 0.5274797480592868,
      "10": 0.5312391465555274,
      "11": 0.5187172049975125,
      "12": 0.5374719570461735
    }
  },
  "probe_interval": {
    "real": {
      "0": 0.7287507157406625,
      "1": 0.7374991786582562,
      "2": 0.7312522880234295,
      "3": 0.7787680812518188,
      "4": 0.7937587414228454,
      "5": 0.8037791106980935,
      "6": 0.8137572395407995,
      "7": 0.8287385129490392,
      "8": 0.8375198295363878,
      "9": 0.8212478762449195,
      "10": 0.8049946964790253,
      "11": 0.8149869054659119,
      "12": 0.818732223817972
    },
    "control": {
      "0": 0.7287507157406625,
      "1": 0.5924783869786827,
      "2": 0.5774924201890494,
      "3": 0.5874893225573297,
      "4": 0.6049862483925169,
      "5": 0.6125003520036046,
      "6": 0.6125097387663917,
      "7": 0.6137910318868331,
      "8": 0.6250410670871936,
      "9": 0.6324894633587714,
      "10": 0.6450348718237541,
      "11": 0.6537786413599541,
      "12": 0.6375348483568472
    }
  },
  "probe_ring": {
    "0": 0.053748603719035414,
    "1": 0.17500211202162708,
    "2": 0.2712633644035181,
    "3": 0.283785305961533,
    "4": 0.32127603653328074,
    "5": 0.34377141355260815,
    "6": 0.31501506575427335,
    "7": 0.3775215191536894,
    "8": 0.35127613040090866,
    "9": 0.2687524053579642,
    "10": 0.2450085888879502,
    "11": 0.5000093867627872,
    "12": 0.5800221527601775
  },
  "probe_x_value": {
    "0": -0.0036123268704241576,
    "1": 0.9915458453087816,
    "2": 0.9936506045174979,
    "3": 0.9930084254216053,
    "4": 0.9964517912330413,
    "5": 0.9979905250535975,
    "6": 0.9981323738580291,
    "7": 0.9983180327683527,
    "8": 0.9981220770732313,
    "9": 0.9977303190544671,
    "10": 0.9978115598540453,
    "11": 0.9981366619389055,
    "12": 0.9985376947719541
  },
  "probe_ring_offset": {
    "0": -0.0023141153558544256,
    "1": 0.999983381851632,
    "2": 0.9999559214284477,
    "3": 0.9999317296737217,
    "4": 0.9998872782733538,
    "5": 0.9998828916081263,
    "6": 0.9999624141829577,
    "7": 0.9999439311769288,
    "8": 0.9999149095570169,
    "9": 0.9998141022055301,
    "10": 0.9999741762443614,
    "11": 0.9999554161062886,
    "12": 0.9999314727732509
  },
  "probe_interval_by_width": {
    "2": {
      "0": 0.990049751243781,
      "3": 0.990049751243781,
      "6": 0.990049751243781,
      "9": 0.990049751243781,
      "12": 0.990049751243781
    },
    "5": {
      "0": 0.9350218603949948,
      "3": 0.964947987336047,
      "6": 0.9499472335293232,
      "9": 0.9298959746720942,
      "12": 0.9300467360168853
    },
    "10": {
      "0": 0.9249962309663803,
      "3": 0.9148952208653701,
      "6": 0.9199457259158752,
      "9": 0.9200211065882709,
      "12": 0.915121362882557
    },
    "20": {
      "0": 0.7700135685210312,
      "3": 0.7750640735715363,
      "6": 0.7749886928991406,
      "9": 0.8398914518317504,
      "12": 0.7800391979496458
    },
    "50": {
      "0": 0.5049751243781094,
      "3": 0.7342077491331223,
      "6": 0.7097090306045529,
      "9": 0.7547866726971204,
      "12": 0.7047339062264436
    }
  },
  "probe_ring_wrap": {
    "wrap": {
      "0": 0.09586967054263566,
      "3": 0.5284641472868218,
      "6": 0.5336321059431525,
      "9": 0.4689720607235142,
      "12": 0.554344315245478
    },
    "no-wrap": {
      "0": 0.07246376811594203,
      "3": 0.6038647342995169,
      "6": 0.5942028985507246,
      "9": 0.5434782608695653,
      "12": 0.640096618357488
    }
  },
  "patching_interval": {
    "0": 0.00023590326309204103,
    "1": 0.0003198981285095215,
    "2": 0.002457630634307861,
    "3": 0.003602302074432373,
    "4": -0.0012779474258422852,
    "5": -0.002083146572113037,
    "6": -0.0027516365051269533,
    "7": -0.011000752449035645,
    "8": -0.05367066860198975,
    "9": -0.06453909873962402,
    "10": -0.04466546773910522,
    "11": -0.03959890604019165
  },
  "patching_comparison": {
    "0": -0.0009353160858154297,
    "1": -0.0009910702705383302,
    "2": 0.0005138993263244628,
    "3": -0.0008510112762451172,
    "4": -0.00500333309173584,
    "5": -0.015399563312530517,
    "6": -0.013810718059539795,
    "7": -0.014513969421386719,
    "8": -0.05824476480484009,
    "9": -0.08701750040054321,
    "10": -0.0754811406135559,
    "11": -0.06224372386932373
  },
  "metadata": {
    "model": "gpt2",
    "device": "cuda:0",
    "seed": 42,
    "elapsed_seconds": 127.37178421020508,
    "n_comparison": 800,
    "n_interval": 800,
    "n_ring": 800,
    "n_width": 1000
  }
}